# CRIM, ZN, INDUS, CHAS, NOX, RM, AGE, DIS, RAD, TAX, PTRATIO, B, LSTAT, Y
-0.40784991,-0.48772236,-1.26602310,-0.27259857,-0.57613394,1.23997392,0.84012202,-0.52026428,-0.75292215,-1.27835435,-0.30309415,0.41057102,-1.09799011,37.90000000
-0.40737368,-0.48772236,0.24705682,-0.27259857,-1.01668877,0.00194553,-0.83833697,0.33635091,-0.52300145,-0.06080135,0.11303210,0.29116915,-0.52047412,21.40000000
0.12517860,-0.48772236,1.01599907,-0.27259857,1.36749033,-0.43969866,0.68721157,-0.57730857,1.66124525,1.53092646,0.80657583,-3.79579542,0.89107588,12.70000000
0.02830359,-0.48772236,1.01599907,-0.27259857,1.85987514,-0.04791752,0.80100540,-0.71283632,1.66124525,1.53092646,0.80657583,-0.06604964,0.21543824,19.90000000
-0.41240845,-0.48772236,-0.96982713,-0.27259857,-0.91302881,-0.38413697,-0.83478091,0.30050808,-0.75292215,-0.95763307,0.02055960,0.43107437,0.02900711,22.50000000
-0.41693438,1.01446252,-1.40317788,-0.27259857,-0.97349712,1.36249457,-0.68542651,1.54155429,-0.98284286,-0.73787960,-1.36652788,0.41736892,-1.00407368,32.70000000
-0.00292034,-0.48772236,1.01599907,-0.27259857,0.21859243,0.21706899,0.22848019,-0.42713946,1.66124525,1.53092646,0.80657583,0.40234775,0.23926778,23.20000000
-0.22555854,-0.48772236,1.23194490,-0.27259857,2.73234648,-0.23169849,1.02148094,-1.03489891,-0.52300145,-0.03110494,-1.73641788,0.17681090,0.20282260,21.50000000
-0.39556108,0.45650813,-0.76993132,-0.27259857,-1.06851875,-0.08353399,0.37783459,2.02528992,-0.29308074,-0.46467259,0.29797709,0.21343185,-0.35086384,20.50000000
-0.41377892,2.94584308,-1.40317788,-0.27259857,-1.30175366,1.42802887,-1.22594720,1.67042686,-0.86788250,-0.47061187,-2.70737911,0.44105193,-1.20171871,33.30000000
-0.39730532,-0.48772236,-0.54814912,-0.27259857,-0.53294229,0.13016481,-0.50762365,0.35431986,-0.52300145,-0.72006176,0.52915834,0.44105193,-0.81063385,23.10000000
-0.40662732,-0.48772236,0.24705682,-0.27259857,-1.01668877,-0.00802708,0.21069990,0.12224465,-0.52300145,-0.06080135,0.11303210,0.18624024,-0.09574756,20.00000000
-0.34724293,0.37066900,-1.04569998,-0.27259857,0.79736054,3.44677021,0.65165099,-0.94790636,-0.52300145,-0.85666526,-2.52243411,0.36210855,-1.05593797,50.00000000
-0.07798540,-0.48772236,1.23194490,-0.27259857,0.43455068,-0.26161632,0.86857048,-0.71858828,-0.52300145,-0.03110494,-1.73641788,-1.27750160,-0.39852293,25.00000000
0.25935209,-0.48772236,1.01599907,-0.27259857,1.36749033,0.32534305,0.75833271,-0.47225199,1.66124525,1.53092646,0.80657583,0.40728171,-0.33123951,20.20000000
0.14186412,-0.48772236,1.01599907,-0.27259857,1.36749033,0.59317888,0.76188877,-0.56927484,1.66124525,1.53092646,0.80657583,-1.11226872,0.52802578,16.40000000
-0.39316013,-0.48772236,-0.07978012,3.66839786,-0.56749561,-0.68046597,-0.52540394,-0.06771286,-0.63796180,-0.77945458,0.06679585,0.37570436,0.47335800,22.40000000
-0.34512143,-0.48772236,-0.43725801,-0.27259857,-0.14421743,-0.47816444,-0.24091936,0.43375405,-0.63796180,-0.60127610,1.17646583,0.44105193,-0.61579230,20.40000000
-0.32844406,-0.48772236,-0.43725801,-0.27259857,-0.14421743,0.29969920,0.91835528,0.31358073,-0.63796180,-0.60127610,1.17646583,0.34281128,0.02059668,18.40000000
-0.40926696,2.94584308,-0.90270883,-0.27259857,-1.24128535,1.23000131,-1.45353486,0.62827510,-0.63796180,-0.96951164,0.34421334,0.44105193,-1.27460908,37.30000000
-0.29573205,-0.48772236,-0.43725801,-0.27259857,-0.14421743,-0.49810966,-1.39663795,0.33444943,-0.63796180,-0.60127610,1.17646583,0.33086013,-0.85128425,23.10000000
-0.41527165,-0.48772236,-0.59338101,-0.27259857,-0.74026221,1.28271368,-0.26581176,0.55715988,-0.86788250,-0.98732948,-0.30309415,0.39642699,-1.20872740,34.70000000
-0.41131510,1.22906036,-0.68968118,3.66839786,-0.93030547,0.77126122,-1.45709092,0.50757887,-0.63796180,-0.91605809,-0.39556665,0.40322490,-1.19050481,33.10000000
-0.41497357,-0.48772236,-1.30687771,-0.27259857,-0.83528384,0.20709638,-0.35115713,1.07773662,-0.75292215,-1.10611514,0.11303210,0.41057102,-1.04332233,28.70000000
-0.00684080,-0.48772236,1.23194490,3.66839786,2.73234648,-0.18895873,0.49874053,-0.97428934,-0.52300145,-0.03110494,-1.73641788,-2.94572872,0.33178248,15.60000000
-0.34416664,-0.48772236,-0.43725801,-0.27259857,-0.14421743,-0.26873962,0.56630562,0.31700339,-0.63796180,-0.60127610,1.17646583,0.25597356,-0.33544473,18.20000000
0.44364270,-0.48772236,1.01599907,-0.27259857,0.36544404,-0.95115112,1.04281728,-1.11252669,1.66124525,1.53092646,0.80657583,-0.46087619,1.92696014,17.20000000
-0.35885293,-0.48772236,-0.72032214,-0.27259857,-0.41200566,1.52917963,0.10757424,0.16778501,-0.17812039,-0.60127610,-0.48803915,0.36616537,-1.11060575,31.50000000
-0.40361042,-0.48772236,-0.61672651,-0.27259857,-0.92166714,0.69148033,-2.33543704,0.91549313,-0.75292215,-1.04078303,-0.25685790,0.31507146,-1.09518663,26.60000000
-0.41443796,3.05314200,-1.32876412,-0.27259857,-1.20673203,-0.17471214,-1.07303674,1.17651833,-0.86788250,-0.35776550,-1.73641788,0.40673349,-0.73213654,24.10000000
-0.13323159,-0.48772236,1.23194490,-0.27259857,0.43455068,0.16720594,0.94680374,-0.72852350,-0.52300145,-0.03110494,-1.73641788,-0.29202507,-0.18686052,22.30000000
0.35643435,-0.48772236,1.01599907,-0.27259857,1.36749033,0.04610995,0.51296476,-0.50419680,1.66124525,1.53092646,0.80657583,0.44105193,0.18740348,19.50000000
-0.41202770,0.92862338,-1.30687771,-0.27259857,-0.71434722,1.35537127,-0.97702320,0.10788850,-0.29308074,-1.10611514,-0.02567665,0.40574670,-0.80222343,36.10000000
-0.39445376,0.45650813,-0.76993132,-0.27259857,-1.06851875,-0.98534293,0.28182105,1.97746779,-0.29308074,-0.46467259,0.29797709,0.17341195,-0.02145545,17.60000000
-0.40971292,0.92862338,-1.30687771,-0.27259857,-0.71434722,1.61750847,0.11824242,-0.33078214,-0.29308074,-1.10611514,-0.02567665,0.44105193,-0.86670337,33.40000000
8.14369238,-0.48772236,1.01599907,-0.27259857,1.07378711,-0.46676717,1.11749449,-0.94714576,1.66124525,1.53092646,0.80657583,-3.73033820,1.11675567,8.80000000
0.92965483,-0.48772236,1.01599907,-0.27259857,1.25519204,-1.77887781,1.01081277,-0.96264280,1.66124525,1.53092646,0.80657583,0.44105193,1.82603501,9.70000000
-0.03175381,-0.48772236,1.23194490,3.66839786,2.73234648,-1.25602808,1.11749449,-1.17579832,-0.52300145,-0.03110494,-1.73641788,0.44105193,1.98583312,13.40000000
-0.41077832,-0.48772236,-1.26602310,-0.27259857,-0.57613394,2.10901571,0.52363293,-0.50105936,-0.75292215,-1.27835435,-0.30309415,0.42635969,-0.71391394,39.80000000
-0.39170466,-0.48772236,-0.07978012,-0.27259857,-0.56749561,0.05893188,-0.57163268,0.26613889,-0.63796180,-0.77945458,0.06679585,0.41879429,-0.23592134,24.40000000
-0.38139061,-0.48772236,-0.18045756,-0.27259857,-0.09238745,-0.52802750,0.52007688,0.09676486,-0.63796180,-0.61909395,-0.02567665,0.37307291,0.79575770,17.80000000
-0.26209203,-0.48772236,1.23194490,-0.27259857,0.43455068,-0.31147938,1.11749449,-0.96867999,-0.52300145,-0.03110494,-1.73641788,-0.03052512,-0.87231032,24.30000000
-0.37997240,-0.48772236,-0.72032214,-0.27259857,-0.41200566,-0.28298620,-0.25158753,-0.06804562,-0.17812039,-0.60127610,-0.48803915,0.22012011,-0.24853698,24.00000000
1.15604465,-0.48772236,1.01599907,-0.27259857,0.65914726,-3.45000244,1.11749449,-1.08595355,1.66124525,1.53092646,0.80657583,-2.46976592,0.09488879,23.10000000
-0.28434561,-0.48772236,-0.43725801,-0.27259857,-0.14421743,-0.83147979,0.93969163,-0.00372817,-0.63796180,-0.60127610,1.17646583,0.02298095,0.79856118,13.10000000
0.87254214,-0.48772236,1.01599907,-0.27259857,1.41068198,0.18002787,1.11749449,-0.92038248,1.66124525,1.53092646,0.80657583,-0.41581267,0.33178248,16.70000000
-0.40670766,-0.48772236,-0.16440754,-0.27259857,-0.06647246,0.61312410,0.46317996,-0.53124530,-0.40804109,0.14113426,-0.30309415,0.42668862,-0.34946211,22.80000000
-0.40113961,-0.48772236,-0.37597609,-0.27259857,-0.29970737,0.63022001,0.40272699,-0.48356578,-0.52300145,-0.14395131,1.13022958,0.41758821,-0.45319071,27.50000000
-0.14265257,-0.48772236,1.23194490,-0.27259857,2.73234648,-1.93559027,0.96458403,-1.10962694,-0.52300145,-0.03110494,-1.73641788,0.38414691,2.36570408,14.60000000
0.88104209,-0.48772236,1.01599907,-0.27259857,1.60072524,0.49060346,0.92546740,-0.79402936,1.66124525,1.53092646,0.80657583,-2.70626713,1.48821619,13.40000000
0.43936012,-0.48772236,1.01599907,-0.27259857,1.07378711,-0.13054772,0.33871796,-0.88392167,1.66124525,1.53092646,0.80657583,-2.85011952,1.24291207,11.00000000
-0.38775277,-0.48772236,-0.37597609,-0.27259857,-0.29970737,-0.07926001,0.80456145,-0.59418418,-0.52300145,-0.14395131,1.13022958,0.37888402,0.40607459,19.40000000
-0.39226356,0.04877224,-0.47665354,-0.27259857,-0.26515405,0.13158947,0.91479923,1.21297914,-0.52300145,-0.57751897,-1.50523663,0.39302804,1.09292612,15.00000000
-0.38173294,-0.48772236,-0.72032214,-0.27259857,-0.43792065,2.82276971,0.34583008,-0.42813774,-0.17812039,-0.60127610,-0.48803915,0.31112429,-1.19330828,44.80000000
-0.40887690,0.45650813,-0.76993132,-0.27259857,-1.06851875,0.95789150,-2.19675081,2.42992413,-0.29308074,-0.46467259,0.29797709,0.32252722,-1.27881429,29.60000000
0.51217677,-0.48772236,1.01599907,-0.27259857,1.25519204,-1.08934301,1.11749449,-1.07525775,1.66124525,1.53092646,0.80657583,0.44105193,1.66904037,12.30000000
-0.39610950,-0.48772236,-0.54814912,-0.27259857,-0.53294229,0.20852104,-1.91582230,0.77050554,-0.52300145,-0.72006176,0.52915834,0.40574670,-1.06154493,24.60000000
1.42992942,-0.48772236,1.01599907,-0.27259857,1.00468047,0.37093213,1.08548997,-1.08186538,1.66124525,1.53092646,0.80657583,0.44105193,1.18123561,10.90000000
-0.41366016,0.58526684,-0.91584067,-0.27259857,-1.11171040,0.63022001,-1.24728354,0.76327993,-0.63796180,-0.75569745,0.25174084,0.44105193,-1.03210843,28.00000000
-0.41523206,2.73124524,-1.19452752,-0.27259857,-1.09443374,0.44216506,-1.66334224,0.76347008,-0.75292215,-0.92793666,-0.07191290,0.42712720,-1.16807700,30.80000000
-0.10011205,-0.48772236,1.23194490,-0.27259857,2.73234648,-0.97964430,0.93613557,-1.07877548,-0.52300145,-0.03110494,-1.73641788,-0.05289241,1.23309991,15.40000000
-0.38055692,-0.48772236,1.56899549,-0.27259857,0.59867895,0.20852104,1.07482180,-0.94243961,-0.63796180,0.17083068,1.26893833,0.44105193,0.38364678,18.00000000
-0.39261404,0.37066900,-0.60943104,3.66839786,-0.78345386,2.00359097,-0.59652508,0.27165317,-0.75292215,-1.10017586,0.06679585,0.37384042,-0.85128425,35.20000000
0.53072063,-0.48772236,1.01599907,-0.27259857,1.25519204,-1.27454864,1.07837786,-0.98256077,1.66124525,1.53092646,0.80657583,0.44105193,1.14899564,11.50000000
-0.39851510,-0.48772236,-0.37597609,-0.27259857,-0.29970737,-0.63915087,0.82945385,-0.75300501,-0.52300145,-0.14395131,1.13022958,0.42756577,0.84201505,19.50000000
-0.39352109,0.45650813,-0.76993132,-0.27259857,-1.06851875,0.21849365,-2.12207361,1.71211673,-0.29308074,-0.46467259,0.29797709,0.22362871,-1.27040386,24.80000000
-0.39038426,-0.48772236,-0.54814912,-0.27259857,-0.53294229,-0.28726018,-0.88456571,0.77050554,-0.52300145,-0.72006176,0.52915834,0.44105193,0.01919494,22.20000000
-0.40548739,-0.48772236,2.42256516,-0.27259857,0.46910400,-0.42972605,0.53074505,-0.80106483,-0.63796180,1.79819419,0.76033959,0.44105193,0.09769226,20.10000000
-0.40088345,-0.48772236,2.42256516,-0.27259857,0.46910400,-1.18337049,0.85790231,-0.93844651,-0.63796180,1.79819419,0.76033959,0.42120644,0.75791078,15.20000000
-0.41670151,3.37503876,-1.44840978,3.66839786,-1.32766865,2.33411178,-1.55666052,0.99350121,-0.98284286,-1.24865793,-2.24501662,0.42592112,-1.33067859,50.00000000
-0.37742474,-0.48772236,1.56899549,-0.27259857,0.59867895,0.24128819,1.06059757,-0.92470834,-0.63796180,0.17083068,1.26893833,0.41013244,0.27150775,17.10000000
-0.40514623,-0.48772236,0.40172073,3.66839786,-0.04055747,0.12589084,0.84723414,-0.20523715,-0.52300145,-0.78539387,-0.95040164,0.40640456,-0.30180302,23.00000000
1.33084093,-0.48772236,1.01599907,-0.27259857,0.51229565,-1.39706929,1.02148094,-0.80543822,1.66124525,1.53092646,0.80657583,-0.07887794,1.71810120,12.00000000
-0.40568883,-0.48772236,0.11573841,-0.27259857,0.15812412,0.72567214,0.73699637,-0.66843684,-0.98284286,-0.80321172,1.17646583,0.40322490,-0.86530163,22.00000000
-0.39651703,-0.48772236,-0.61672651,-0.27259857,-0.92166714,-0.71038381,-1.25439566,0.62052658,-0.75292215,-1.04078303,-0.25685790,0.44105193,0.20983129,20.00000000
-0.40202803,-0.48772236,0.40609801,-0.27259857,-1.01668877,-0.70468517,-0.37604953,1.20028678,-0.63796180,-0.70818319,-1.13534664,0.44105193,0.44672498,20.30000000
1.21758198,-0.48772236,1.01599907,-0.27259857,0.36544404,0.53049390,1.11749449,-1.07791981,1.66124525,1.53092646,0.80657583,-3.52640114,1.20085994,17.20000000
-0.41171914,-0.48772236,-1.26602310,-0.27259857,-0.57613394,0.99065865,-0.36182530,-0.45922688,-0.75292215,-1.27835435,-0.30309415,0.44105193,-1.06715188,37.20000000
7.49009263,-0.48772236,1.01599907,-0.27259857,1.19472373,-0.85712365,1.11749449,-1.12645500,1.66124525,1.53092646,0.80657583,0.31024714,1.44756580,5.00000000
-0.39930804,0.45650813,-0.76993132,-0.27259857,-1.06851875,0.21137036,-0.69253862,1.91643039,-0.29308074,-0.46467259,0.29797709,0.19775282,-0.43917333,24.50000000
-0.41686569,2.73124524,-1.04132270,-0.27259857,-1.24992368,-0.56506862,-0.74587948,1.67551331,-0.75292215,0.36088773,1.22270208,0.44105193,0.30094425,18.90000000
-0.41670151,2.94584308,-1.33168230,-0.27259857,-1.03396543,0.49915141,-1.38241372,2.16243392,-0.63796180,-0.76163674,-0.67298414,0.37570436,-0.93398678,24.50000000
-0.41344591,1.76555496,-0.84872237,-0.27259857,-1.29311533,0.39942530,-1.62422561,1.67432489,-0.40804109,-0.68442606,-0.85792914,0.16496939,-0.44057507,24.80000000
-0.38708325,-0.48772236,-0.18045756,-0.27259857,-0.09238745,-0.02654764,0.50585265,-0.25301175,-0.63796180,-0.61909395,-0.02567665,0.40256703,-0.66625486,21.60000000
-0.39709806,-0.48772236,2.42256516,-0.27259857,0.46910400,-1.24035683,1.05704151,-0.96958319,-0.63796180,1.79819419,0.76033959,-0.13841441,1.58633784,7.00000000
0.01156800,-0.48772236,1.01599907,-0.27259857,1.36749033,0.13016481,0.70499185,-0.58372606,1.66124525,1.53092646,0.80657583,0.38107689,0.27991818,17.70000000
0.67497414,-0.48772236,1.01599907,-0.27259857,1.60072524,-0.93690454,0.90057500,-0.94020538,1.66124525,1.53092646,0.80657583,0.44105193,1.43354842,12.80000000
0.31371918,-0.48772236,1.01599907,-0.27259857,1.60072524,0.08030176,0.98947643,-0.81908132,1.66124525,1.53092646,0.80657583,-0.42392630,0.72006386,14.90000000
-0.38719969,-0.48772236,-0.21109853,-0.27259857,0.26178408,-0.69898654,0.07201367,-0.42894587,-0.40804109,-0.10237633,0.34421334,0.44105193,0.20282260,18.30000000
-0.30478625,-0.48772236,1.56899549,-0.27259857,0.59867895,-0.75169891,1.06059757,-0.68883017,-0.63796180,0.17083068,1.26893833,-1.02970710,0.65278044,15.60000000
-0.05008692,-0.48772236,1.01599907,-0.27259857,0.86646718,-0.74884959,-0.72454314,-0.34632671,1.66124525,1.53092646,0.80657583,-0.24422046,0.20702781,19.90000000
-0.41253071,-0.48772236,-0.86769058,-0.27259857,-0.34289902,0.04468529,-1.08370491,1.26607787,-0.52300145,-1.09423658,0.80657583,0.36221820,-0.97744066,22.20000000
0.14876655,-0.48772236,1.01599907,-0.27259857,0.51229565,0.28402795,0.88990683,-0.70817770,1.66124525,1.53092646,0.80657583,0.43348653,0.84481853,16.70000000
-0.40679615,-0.48772236,-1.26602310,-0.27259857,-0.57613394,0.39657599,0.96102797,-0.45067024,-0.75292215,-1.27835435,-0.30309415,0.44105193,-0.97744066,32.50000000
-0.35783410,-0.48772236,-0.72032214,3.66839786,-0.41200566,0.49345278,0.28182105,0.16778501,-0.17812039,-0.60127610,-0.48803915,0.34840310,-0.43636985,25.10000000
-0.34199042,0.37066900,-1.04569998,-0.27259857,0.79736054,0.79405576,1.11749449,-0.84822145,-0.52300145,-0.85666526,-2.52243411,0.38655907,-0.80642864,30.10000000
-0.11158000,-0.48772236,-0.18045756,-0.27259857,-0.09238745,-1.86863131,-1.09437309,-0.60640117,-0.63796180,-0.61909395,-0.02567665,-0.06824251,-0.00183112,16.10000000
-0.41409680,-0.48772236,-0.86769058,-0.27259857,-0.34289902,0.03613734,-1.06948069,1.26607787,-0.52300145,-1.09423658,0.80657583,0.35881924,-0.82745471,20.70000000
-0.41131277,0.37066900,-1.13908197,3.66839786,-0.96572262,1.93805667,-0.67120228,0.67353024,-0.52300145,-1.14175084,-1.64394538,0.22362871,-1.35170466,46.00000000
-0.41310475,1.76555496,-0.84872237,-0.27259857,-1.29311533,0.04326063,-0.81700063,1.67432489,-0.40804109,-0.68442606,-0.85792914,0.44105193,-0.70830699,22.30000000
-0.34974517,-0.48772236,1.56899549,-0.27259857,0.59867895,0.12446618,1.04281728,-0.69767204,-0.63796180,0.17083068,1.26893833,0.31890898,-0.21489527,23.00000000
-0.41292893,-0.48772236,0.11573841,-0.27259857,0.15812412,-0.36276709,0.43473151,-0.61324648,-0.98284286,-0.80321172,1.17646583,0.44105193,-0.66905833,11.90000000
-0.40767642,0.79986468,-0.90562701,-0.27259857,-1.09443374,0.45783631,-0.93790657,1.13844126,-0.40804109,-0.64285108,-0.85792914,0.29719955,-0.74054696,23.30000000
0.19786134,-0.48772236,1.01599907,-0.27259857,1.25519204,-0.33284926,0.49518448,-0.77354096,1.66124525,1.53092646,0.80657583,0.23799202,0.85603243,23.20000000
-0.41433084,0.97154295,-0.73637217,-0.27259857,-1.05124209,0.43504177,-1.00191560,0.80653853,-0.29308074,-0.47061187,-1.08911039,0.42844292,-0.44197680,22.00000000
2.14913017,-0.48772236,1.01599907,-0.27259857,1.60072524,-0.66479473,0.84723414,-0.91691229,1.66124525,1.53092646,0.80657583,0.38129618,1.32561460,10.50000000
-0.41127435,-0.48772236,-0.98441806,-0.27259857,-0.97349712,-0.55082203,-0.57874479,2.00537196,-0.75292215,-0.33400837,0.15926834,0.08701280,0.00237409,17.20000000
0.12262395,-0.48772236,1.01599907,-0.27259857,0.51229565,0.99065865,-0.03466804,-0.59998368,1.66124525,1.53092646,0.80657583,0.19742389,-0.13920143,29.80000000
-0.36629563,-0.48772236,-0.72032214,3.66839786,-0.41200566,0.62879535,-0.07378467,-0.06804562,-0.17812039,-0.60127610,-0.48803915,0.03865998,-0.64522879,29.00000000
-0.40093934,-0.48772236,2.11761463,-0.27259857,0.22723076,-0.61065770,1.01081277,-0.87973842,-0.86788250,-1.30805076,0.29797709,0.14950964,1.78818809,17.30000000
-0.41459981,-0.48772236,-0.86769058,-0.27259857,-0.34289902,-0.32145199,-1.11215337,0.48352520,-0.52300145,-1.09423658,0.80657583,0.43271902,-0.58074885,20.60000000
-0.40219454,-0.48772236,-0.37597609,-0.27259857,-0.29970737,-0.16758885,0.76188877,-0.65317749,-0.52300145,-0.14395131,1.13022958,0.39489198,-0.04528500,20.10000000
-0.14149401,-0.48772236,1.01599907,-0.27259857,0.24450742,-0.58928782,-0.94857474,-0.03377150,1.66124525,1.53092646,0.80657583,0.15411467,0.09629052,20.60000000
-0.35504658,-0.48772236,1.56899549,-0.27259857,0.59867895,-0.19038339,1.04281728,-1.01079769,-0.63796180,0.17083068,1.26893833,0.44105193,0.81398030,17.80000000
0.11040149,-0.48772236,1.01599907,-0.27259857,1.85987514,0.16150730,0.69076762,-0.60697161,1.66124525,1.53092646,0.80657583,0.19610817,-0.68167397,25.00000000
-0.40861375,-0.48772236,-1.03402724,-0.27259857,-0.38609067,-0.60638372,0.00444859,-0.51964630,-0.52300145,-0.66660821,-0.85792914,0.40081274,-0.42235247,22.60000000
-0.40106276,0.58526684,-0.87644514,-0.27259857,-0.87847549,-0.77449345,-0.08445284,1.63068600,-0.17812039,-0.73787960,0.57539459,0.42142573,0.06965751,18.70000000
0.65126626,-0.48772236,1.01599907,-0.27259857,1.25519204,-1.06654848,1.11749449,-1.05277279,1.66124525,1.53092646,0.80657583,0.44105193,1.53447354,11.30000000
1.26067557,-0.48772236,1.01599907,-0.27259857,1.60072524,0.25126080,0.87923865,-0.85207194,1.66124525,1.53092646,0.80657583,-3.60929169,0.75650904,9.60000000
0.62750598,-0.48772236,1.01599907,3.66839786,1.85987514,-0.10347921,1.02503700,-0.79521779,1.66124525,1.53092646,0.80657583,0.23086518,0.69343084,17.80000000
-0.40882566,-0.48772236,0.40609801,-0.27259857,-1.01668877,-0.22457520,-1.78424818,0.81176759,-0.63796180,-0.70818319,-1.13534664,0.44105193,-0.57093668,23.90000000
-0.40438007,-0.48772236,-1.20328208,-0.27259857,-0.94758213,2.54211195,0.26404076,-0.14253596,-0.86788250,-0.78539387,-0.21062165,0.44105193,-1.18349612,38.70000000
-0.40416350,-0.48772236,-0.61672651,-0.27259857,-0.92166714,-0.30720540,-1.01613983,0.91549313,-0.75292215,-1.04078303,-0.25685790,0.35870960,-0.43496811,21.20000000
0.24887386,-0.48772236,1.01599907,-0.27259857,-0.19604741,1.10605601,0.29960133,-0.18275219,1.66124525,1.53092646,0.80657583,0.42328967,-0.79100952,25.00000000
-0.41437159,2.94584308,-0.90270883,-0.27259857,-1.24128535,0.82112427,-1.44642275,0.62827510,-0.63796180,-0.96951164,0.34421334,0.44105193,-1.30684905,28.50000000
-0.41771335,0.28482986,-1.28790950,-0.27259857,-0.14421743,0.41367189,-0.12001342,0.14021360,-0.98284286,-0.66660821,-1.45900038,0.44105193,-1.07556230,24.00000000
0.14460506,-0.48772236,1.01599907,-0.27259857,0.24450742,-0.54084942,-0.54674028,-0.30554004,1.66124525,1.53092646,0.80657583,0.34588130,-0.16863793,20.60000000
4.04714622,-0.48772236,1.01599907,-0.27259857,1.19472373,-1.18479515,1.11749449,-1.09593630,1.66124525,1.53092646,0.80657583,0.44105193,2.51428829,5.00000000
-0.41121729,1.22906036,-1.44257341,-0.27259857,-1.08579541,0.29257590,-0.85967331,2.37544683,-0.98284286,-0.43497618,0.57539459,0.44105193,-0.93538852,22.90000000
-0.38004576,-0.48772236,1.56899549,-0.27259857,0.59867895,-0.65909609,0.95391585,-0.62993194,-0.63796180,0.17083068,1.26893833,0.35103455,0.33318422,18.40000000
-0.32235786,0.37066900,-1.04569998,-0.27259857,0.79736054,1.48501521,0.92191134,-0.81584881,-0.52300145,-0.85666526,-2.52243411,0.40289597,-0.19667268,31.00000000
-0.34119166,0.37066900,-1.04569998,-0.27259857,0.79736054,1.49356317,1.11749449,-0.90341180,-0.52300145,-0.85666526,-2.52243411,0.29182702,-0.68167397,36.00000000
0.98441548,-0.48772236,1.01599907,-0.27259857,0.51229565,-0.90698670,0.67654339,-0.87650591,1.66124525,1.53092646,0.80657583,-0.71404322,0.20282260,20.80000000
-0.38936310,-0.48772236,1.56899549,-0.27259857,0.59867895,-0.60923304,1.05348546,-1.01084523,-0.63796180,0.17083068,1.26893833,0.38776515,1.21487732,13.30000000
-0.41027298,-0.48772236,-1.03402724,-0.27259857,-0.38609067,-0.37701368,-0.76010371,-0.11415642,-0.52300145,-0.66660821,-0.85792914,0.40081274,-0.35647080,23.20000000
-0.41270653,0.92862338,-1.30687771,-0.27259857,-0.71434722,0.80402837,0.06134550,-0.29108882,-0.29308074,-1.10611514,-0.02567665,0.44105193,-0.71811916,28.20000000
-0.40891648,-0.48772236,-1.20328208,-0.27259857,-0.94758213,2.18737194,-1.12637760,-0.14253596,-0.86788250,-0.78539387,-0.21062165,0.40410204,-1.27320734,43.80000000
-0.41507371,1.22906036,-1.44257341,-0.27259857,-1.08579541,0.93224765,-1.21172297,2.37544683,-0.98284286,-0.43497618,0.57539459,0.36375321,-0.94800416,26.60000000
-0.41137448,-0.48772236,0.11573841,-0.27259857,0.15812412,0.98496002,0.79744934,-0.77368357,-0.98284286,-0.80321172,1.17646583,0.44105193,-0.98304761,23.90000000
-0.41548823,1.87285388,-1.07342276,-0.27259857,-0.61068726,0.58605559,-0.43294645,0.92081727,-0.52300145,-0.22710128,-0.39556665,0.44105193,-0.76717998,23.90000000
0.97310938,-0.48772236,1.01599907,-0.27259857,0.90102051,-0.96397305,1.11749449,-1.19310176,1.66124525,1.53092646,0.80657583,-0.26954813,-0.07331975,27.90000000
1.39514948,-0.48772236,1.01599907,-0.27259857,0.21859243,-0.51093159,0.08623790,-0.42148257,1.66124525,1.53092646,0.80657583,0.13229560,0.76772295,19.10000000
-0.41040223,1.44365820,-1.12303194,-0.27259857,-1.01668877,0.64731591,-1.34329709,1.27625077,-0.52300145,-0.06080135,-1.50523663,0.36221820,-1.11621270,30.50000000
2.46940371,-0.48772236,1.01599907,-0.27259857,1.19472373,-1.33295965,0.97525220,-0.99458760,1.66124525,1.53092646,0.80657583,0.44105193,0.99760795,8.30000000
0.47486314,-0.48772236,1.01599907,-0.27259857,1.19472373,-0.76594549,1.07837786,-1.02757822,1.66124525,1.53092646,0.80657583,0.39938737,1.01863402,8.50000000
-0.39385294,0.04877224,-0.47665354,-0.27259857,-0.26515405,-0.93120590,1.11749449,1.08719646,-0.52300145,-0.57751897,-1.50523663,0.32844797,2.42177359,16.50000000
-0.20882877,-0.48772236,1.23194490,-0.27259857,0.43455068,-0.58073987,0.37783459,-0.65084818,-0.52300145,-0.03110494,-1.73641788,-1.41510429,-0.07191802,23.80000000
-0.27954605,-0.48772236,1.56899549,-0.27259857,0.59867895,0.05893188,1.03570517,-0.72448286,-0.63796180,0.17083068,1.26893833,0.44105193,-0.05509716,19.60000000
-0.40560965,0.58526684,-0.87644514,-0.27259857,-0.87847549,0.24413751,-0.02755593,1.63073354,-0.17812039,-0.73787960,0.57539459,0.44105193,-0.83025818,22.20000000
-0.35592219,-0.48772236,-0.72032214,-0.27259857,-0.43792065,-0.43257536,-0.01688776,-0.05872838,-0.17812039,-0.60127610,-0.48803915,0.23766309,-0.14060317,24.30000000
-0.40927977,1.44365820,-1.12303194,-0.27259857,-1.01668877,0.70857624,-0.97702320,-0.00306265,-0.52300145,-0.06080135,-1.50523663,0.40782993,-0.83726687,32.00000000
-0.39624108,0.45650813,-0.76993132,-0.27259857,-1.06851875,0.61739808,-1.81625269,1.91643039,-0.29308074,-0.46467259,0.29797709,0.40640456,-0.85408773,26.20000000
-0.39813552,-0.48772236,-0.07978012,3.66839786,-0.56749561,-0.46249320,0.83656597,0.03900751,-0.63796180,-0.77945458,0.06679585,0.40103202,0.64717349,21.70000000
-0.40603814,2.94584308,-1.34627324,-0.27259857,-1.22400869,-0.49668500,-1.74513155,3.22806892,-0.63796180,-0.44091546,1.63882832,0.21233542,-0.99285977,20.60000000
-0.36771617,-0.48772236,-0.07978012,3.66839786,-0.56749561,-1.34008294,1.11749449,0.03800924,-0.63796180,-0.77945458,0.06679585,0.44105193,1.46298491,20.00000000
0.84306011,-0.48772236,1.01599907,-0.27259857,1.07378711,0.70857624,0.79033722,-0.93911203,1.66124525,1.53092646,0.80657583,-3.67420069,1.84145413,7.50000000
-0.41617754,0.26337008,-1.42360519,-0.27259857,-1.19722987,1.16731633,-0.32270868,2.58023586,-0.75292215,-1.14175084,0.06679585,0.40092238,-0.64522879,33.00000000
0.68929598,-0.48772236,1.01599907,-0.27259857,1.36749033,0.63164467,0.90768711,-0.61747727,1.66124525,1.53092646,0.80657583,-3.83745999,0.84902374,14.90000000
-0.30716158,-0.48772236,-0.43725801,-0.27259857,-0.14421743,-0.33854789,0.71921608,0.31296275,-0.63796180,-0.60127610,1.17646583,-0.55144179,0.64857523,14.80000000
0.54417035,-0.48772236,1.01599907,3.66839786,0.97876548,-0.58358918,0.74766454,-1.26706919,1.66124525,1.53092646,0.80657583,-0.09642091,-0.52888455,50.00000000
-0.40877559,-0.48772236,-1.26602310,-0.27259857,-0.57613394,-0.96967169,0.75477665,-0.38369072,-0.75292215,-1.27835435,-0.30309415,0.37636222,0.18600175,26.40000000
-0.40811772,0.41358857,-0.80203138,-0.27259857,-0.99941211,-0.45821922,-0.81344457,1.43545190,-0.63796180,-0.98139020,-0.76545664,0.42635969,0.11170964,19.70000000
0.05864260,-0.48772236,1.23194490,-0.27259857,2.73234648,-1.16342527,1.11749449,-1.13292002,-0.52300145,-0.03110494,-1.73641788,0.44105193,1.92976361,15.60000000
-0.39539224,-0.48772236,-0.07978012,-0.27259857,-0.56749561,-0.14621897,-0.93079446,0.07147523,-0.63796180,-0.77945458,0.06679585,0.40519848,-0.44618202,25.00000000
0.18723291,-0.48772236,1.01599907,3.66839786,1.85987514,-0.22457520,0.52718899,-0.50975862,1.66124525,1.53092646,0.80657583,0.42493433,-0.16443271,22.70000000
-0.27494326,-0.48772236,-0.43725801,-0.27259857,-0.14421743,-0.20320532,0.82234174,0.08644935,-0.63796180,-0.60127610,1.17646583,0.44105193,0.85042548,15.20000000
-0.40789067,1.44365820,-1.12303194,-0.27259857,-1.01668877,0.94934355,-1.67401041,1.27625077,-0.52300145,-0.06080135,-1.50523663,0.23031696,-1.05874145,37.00000000
-0.41678185,3.80423444,-1.43235975,-0.27259857,-1.24128535,0.75701463,-0.99835954,2.15330683,-0.52300145,-0.90417952,-1.55147288,0.39719450,-1.21994130,31.60000000
-0.37469428,-0.48772236,-0.07978012,3.66839786,-0.56749561,-1.25460342,0.71210397,-0.06181828,-0.63796180,-0.77945458,0.06679585,0.42285110,1.58773958,19.30000000
-0.16752017,-0.48772236,1.23194490,-0.27259857,2.73234648,-0.93547988,1.11749449,-1.08310134,-0.52300145,-0.03110494,-1.73641788,-2.05476496,0.56026575,15.60000000
-0.39429307,-0.48772236,2.42256516,-0.27259857,0.46910400,-1.69767227,1.04637334,-0.93763838,-0.63796180,1.79819419,0.76033959,-0.41932127,2.38673014,8.10000000
0.24619812,-0.48772236,1.01599907,-0.27259857,-0.19604741,0.66298716,0.22492413,-0.22025881,1.66124525,1.53092646,0.80657583,0.39905844,-0.68868266,23.70000000
-0.40726656,1.22906036,-0.68968118,-0.27259857,-0.93030547,0.81115166,-0.91657023,0.22449655,-0.63796180,-0.91605809,-0.39556665,0.44105193,-1.35590987,32.00000000
-0.37549071,0.45650813,-0.76993132,-0.27259857,-1.06851875,2.81279710,-2.13985390,2.42992413,-0.29308074,-0.46467259,0.29797709,0.44105193,-1.27741255,42.80000000
1.25053385,-0.48772236,1.01599907,-0.27259857,0.51229565,-0.07926001,0.69076762,-0.87650591,1.66124525,1.53092646,0.80657583,0.29215595,0.06405055,21.40000000
-0.37043266,-0.48772236,-0.72032214,-0.27259857,-0.43792065,1.25137119,0.40272699,-0.27540163,-0.17812039,-0.60127610,-0.48803915,0.16891656,-0.88212248,31.60000000
0.75318185,-0.48772236,1.01599907,-0.27259857,0.25314575,0.78123383,0.91479923,-0.81138034,1.66124525,1.53092646,0.80657583,-3.01897063,0.98639405,14.10000000
1.26271323,-0.48772236,1.01599907,-0.27259857,0.36544404,0.80830234,1.11749449,-1.10739270,1.66124525,1.53092646,0.80657583,-1.94413458,0.99900969,27.50000000
-0.38910810,-0.48772236,-0.07978012,-0.27259857,-0.56749561,-0.71465778,0.14669087,0.26613889,-0.63796180,-0.77945458,0.06679585,0.35914818,0.75791078,22.50000000
-0.27269369,-0.48772236,-0.43725801,-0.27259857,-0.14421743,-1.01811008,1.04992940,0.00135828,-0.63796180,-0.60127610,1.17646583,0.21814653,1.17282518,13.60000000
2.21270516,-0.48772236,1.01599907,-0.27259857,1.25519204,-1.83016553,0.74410848,-1.08224567,1.66124525,1.53092646,0.80657583,0.44105193,2.71053158,7.40000000
-0.40409363,-0.48772236,-0.16440754,-0.27259857,-0.06647246,-0.52945215,0.86501442,-0.68531244,-0.40804109,0.14113426,-0.30309415,0.41967143,0.49858928,18.80000000
-0.35110866,0.37066900,-1.04569998,-0.27259857,0.17540078,2.86693413,-0.05600439,-0.65289227,-0.52300145,-0.85666526,-2.52243411,0.30553246,-0.73073480,50.00000000
-0.41645932,3.37503876,-1.33022321,-0.27259857,-1.24992368,0.63164467,-1.15482606,3.96051769,-0.52300145,-1.31399004,-0.67298414,0.30465531,-1.14284572,30.10000000
2.60201461,-0.48772236,1.01599907,-0.27259857,1.07378711,-1.39706929,0.72988425,-1.02087552,1.66124525,1.53092646,0.80657583,-2.51428122,1.96060184,10.40000000
-0.26070876,-0.48772236,-0.43725801,-0.27259857,-0.14421743,-0.30293142,1.11749449,0.18061998,-0.63796180,-0.60127610,1.17646583,0.21990082,0.05423839,14.50000000
-0.35146379,-0.48772236,-0.72032214,-0.27259857,-0.41200566,2.92392048,0.16802722,0.02061073,-0.17812039,-0.60127610,-0.48803915,0.32055363,-1.42739850,41.70000000
0.77305777,-0.48772236,1.01599907,-0.27259857,0.51229565,-0.14194499,1.00014460,-0.77225746,1.66124525,1.53092646,0.80657583,0.25246497,0.75370557,14.60000000
-0.40359528,0.79986468,-0.90562701,-0.27259857,-1.09443374,0.15438401,-2.16119024,1.54041340,-0.40804109,-0.64285108,-0.85792914,0.19775282,-1.04612581,23.70000000
0.33188113,-0.48772236,1.01599907,-0.27259857,0.25314575,0.19997309,0.22136807,-0.75804392,1.66124525,1.53092646,0.80657583,-2.83674300,-0.08733713,16.10000000
-0.41739431,3.37503876,-1.19160933,-0.27259857,-1.33630698,1.14452179,-1.69890281,1.66961873,-0.98284286,-0.73194032,-1.45900038,0.41714963,-0.67326355,32.20000000
0.39924500,-0.48772236,1.01599907,-0.27259857,1.41068198,-0.39695890,0.95035980,-0.91291919,1.66124525,1.53092646,0.80657583,-0.40232651,0.42710065,14.20000000
0.15188824,-0.48772236,1.01599907,-0.27259857,0.65914726,-1.87290529,1.11749449,-1.17061680,1.66124525,1.53092646,0.80657583,0.20663395,-1.31666121,50.00000000
0.25968510,-0.48772236,1.01599907,-0.27259857,-0.19604741,-0.06073945,-0.13779370,-0.17628717,1.66124525,1.53092646,0.80657583,0.44105193,-0.26816131,23.00000000
0.24428505,-0.48772236,1.01599907,-0.27259857,0.24450742,-0.24309576,0.39917093,-0.11843474,1.66124525,1.53092646,0.80657583,0.39478234,0.32617553,19.10000000
1.86478930,-0.48772236,1.01599907,-0.27259857,1.00468047,1.46506999,1.04281728,-1.17831778,1.66124525,1.53092646,0.80657583,0.44105193,0.11030790,15.00000000
5.53568580,-0.48772236,1.01599907,-0.27259857,0.36544404,-0.75169891,1.11749449,-1.13234958,1.66124525,1.53092646,0.80657583,-3.88219457,-0.35647080,15.00000000
-0.41490837,-0.48772236,-0.86769058,-0.27259857,-0.34289902,-0.55509601,-0.31915262,0.86515154,-0.52300145,-1.09423658,0.80657583,0.41813642,-0.29339259,18.50000000
9.94173502,-0.48772236,1.01599907,-0.27259857,1.00468047,0.97356275,0.82945385,-1.13068579,1.66124525,1.53092646,0.80657583,0.44105193,0.63876307,10.40000000
-0.41605644,3.16044092,-1.51698717,-0.27259857,-1.24992368,0.14013742,-1.16905029,2.56345533,-0.86788250,-0.56564040,-0.53427539,0.44105193,-0.96482502,24.70000000
-0.35440035,0.37066900,-1.04569998,-0.27259857,0.79736054,1.31263151,0.81878568,-0.88653620,-0.52300145,-0.85666526,-2.52243411,0.34226306,-0.63822010,36.50000000
0.02980098,-0.48772236,1.01599907,3.66839786,1.85987514,0.15723333,0.79744934,-0.61315141,1.66124525,1.53092646,0.80657583,0.38009010,0.08647836,21.70000000
-0.37985363,-0.48772236,-0.72032214,-0.27259857,-0.41200566,2.79570120,0.06490156,-0.06804562,-0.17812039,-0.60127610,-0.48803915,0.24424170,-1.21994130,48.30000000
0.11202579,-0.48772236,1.01599907,-0.27259857,1.41068198,-3.88024936,0.68721157,-1.03718068,1.66124525,1.53092646,0.80657583,-0.02164399,-0.77559041,27.50000000
0.73717749,-0.48772236,1.01599907,-0.27259857,1.60072524,-0.04791752,0.99658854,-0.75918481,1.66124525,1.53092646,0.80657583,0.34917061,0.53082925,12.60000000
-0.41040922,-0.48772236,-1.30687771,-0.27259857,-0.83528384,1.22857665,-0.51117971,1.07773662,-0.75292215,-1.10611514,0.11303210,0.44105193,-1.02650148,36.20000000
-0.41071545,-0.48772236,-1.03402724,-0.27259857,-0.38609067,0.81969961,0.20714385,-0.41820252,-0.52300145,-0.66660821,-0.85792914,0.37932260,-0.80362516,29.90000000
-0.35551466,0.37066900,-1.04569998,-0.27259857,0.17540078,1.68874140,-0.56807662,-0.43878601,-0.52300145,-0.85666526,-2.52243411,0.36868717,-1.33067859,43.50000000
0.05177394,-0.48772236,1.01599907,-0.27259857,-0.19604741,-0.07926001,0.78678117,-0.33073460,1.66124525,1.53092646,0.80657583,0.42383789,0.03040885,19.60000000
-0.41335043,2.94584308,-1.13324559,-0.27259857,-1.35358364,-0.70895915,-1.33262892,1.33885689,-0.63796180,-0.42309761,-1.08911039,0.44105193,-0.33824820,19.40000000
-0.09478270,-0.48772236,1.23194490,-0.27259857,2.73234648,-1.96835742,1.03926123,-1.16424685,-0.52300145,-0.03110494,-1.73641788,0.44105193,2.33206237,11.80000000
-0.41478145,3.58963660,-1.41047335,-0.27259857,-1.31039199,0.98353536,-1.89448595,1.83414399,-0.75292215,-0.03704422,-0.67298414,0.44105193,-1.13443529,34.90000000
-0.14703412,-0.48772236,1.23194490,-0.27259857,2.73234648,-1.56517901,0.89701894,-1.07692154,-0.52300145,-0.03110494,-1.73641788,0.00346439,2.19609380,17.80000000
-0.38457751,-0.48772236,1.56899549,-0.27259857,0.59867895,-0.15761624,0.88990683,-1.03779866,-0.63796180,0.17083068,1.26893833,0.34434629,1.61297086,14.00000000
-0.38827441,-0.48772236,1.56899549,-0.27259857,0.59867895,-0.84287706,0.97525220,-0.95394354,-0.63796180,0.17083068,1.26893833,0.38853266,0.63595959,16.20000000
0.37346337,-0.48772236,1.01599907,-0.27259857,1.36749033,-0.29010950,0.56274956,-0.51223054,1.66124525,1.53092646,0.80657583,0.44105193,0.28692687,20.00000000
-0.41383714,-0.48772236,-0.86769058,-0.27259857,-0.34289902,-0.35279448,-1.21172297,1.04118073,-0.52300145,-1.09423658,0.80657583,0.44105193,-0.65083574,21.10000000
-0.39175357,-0.48772236,-0.61672651,-0.27259857,-0.92166714,-0.36276709,0.60186619,0.90051900,-0.75292215,-1.04078303,-0.25685790,0.39544020,0.86163938,16.60000000
-0.41097743,-0.48772236,-0.75534039,-0.27259857,-0.48111231,-0.50095898,-0.01333170,-0.20666326,-0.52300145,-0.76757602,0.34421334,0.44105193,-0.41674552,18.90000000
0.57035486,-0.48772236,1.01599907,-0.27259857,0.25314575,0.09027437,0.62320254,-0.82825594,1.66124525,1.53092646,0.80657583,-2.99572619,0.69903779,14.50000000
-0.40159372,-0.48772236,-0.16440754,-0.27259857,-0.06647246,-0.78874003,-0.12001342,-0.49240765,-0.40804109,0.14113426,-0.30309415,0.38184440,0.13413745,19.30000000
-0.41510165,0.71402554,0.56951647,-0.27259857,-0.78345386,-0.10490387,-1.41086218,-0.06139045,-0.63796180,-0.82102956,-0.11814915,0.43480225,-0.90314855,25.00000000
-0.39865017,0.04877224,-0.47665354,-0.27259857,-0.26515405,-0.39980821,0.61609042,1.32963473,-0.52300145,-0.57751897,-1.50523663,0.32932512,0.62334395,18.90000000
-0.41590275,2.08745172,-1.19744570,-0.27259857,-1.32766865,0.73422009,-2.08651304,1.15255972,-0.98284286,-0.85072598,-1.32029163,0.40234775,-1.06855362,31.10000000
1.42828765,-0.48772236,1.01599907,-0.27259857,1.07378711,-0.55367135,0.95391585,-0.89628127,1.66124525,1.53092646,0.80657583,-3.82649563,1.64521083,8.30000000
1.77186037,-0.48772236,1.01599907,-0.27259857,0.36544404,-2.36013855,1.11749449,-1.06537007,1.66124525,1.53092646,0.80657583,-3.59503802,3.04414519,17.90000000
-0.32641571,-0.48772236,-0.18045756,-0.27259857,-0.09238745,-0.23169849,-0.56096451,-0.54892904,-0.63796180,-0.61909395,-0.02567665,0.44105193,-0.93538852,22.10000000
-0.41445892,-0.48772236,-0.86769058,-0.27259857,-0.34289902,-0.59213714,-0.79210822,0.68265733,-0.52300145,-1.09423658,0.80657583,0.44105193,-0.39992467,19.50000000
-0.41344940,0.71402554,0.56951647,-0.27259857,-0.78345386,-0.05076684,0.31026950,-0.08558674,-0.63796180,-0.82102956,-0.11814915,0.44105193,-0.28918738,20.60000000
-0.41431803,2.94584308,-1.09385007,-0.27259857,-1.40541362,-0.58216453,-1.75935578,2.57899990,-0.98284286,-0.55376183,-0.95040164,0.42219324,-0.47702025,20.90000000
-0.40324480,-0.48772236,-0.16440754,-0.27259857,-0.06647246,-0.58786316,0.16091510,-0.62631913,-0.40804109,0.14113426,-0.30309415,-0.19784123,0.38084330,20.40000000
0.07319615,-0.48772236,1.01599907,3.66839786,1.85987514,-0.68616461,0.72632819,-0.89861058,1.66124525,1.53092646,0.80657583,-0.03984482,0.27851644,16.80000000
0.69885318,-0.48772236,1.01599907,-0.27259857,1.19472373,0.17005526,1.11749449,-1.02491616,1.66124525,1.53092646,0.80657583,0.21310292,1.07330179,12.10000000
-0.37334709,-0.48772236,2.11761463,-0.27259857,0.22723076,-0.95684976,0.96102797,-0.96872752,-0.86788250,-1.30805076,0.29797709,0.02868241,2.04750959,15.70000000
-0.41637898,3.58963660,-1.41047335,-0.27259857,-1.31039199,1.21148075,-1.94427075,1.83414399,-0.75292215,-0.03704422,-0.67298414,0.30290102,-1.14985441,32.90000000
-0.40870340,1.44365820,-1.12303194,-0.27259857,-1.01668877,1.28271368,-1.05525646,0.36682207,-0.52300145,-0.06080135,-1.50523663,0.44105193,-1.01809105,34.90000000
-0.31583851,-0.48772236,1.56899549,-0.27259857,0.59867895,-0.92265795,0.92902345,-0.86286282,-0.63796180,0.17083068,1.26893833,0.44105193,0.79715944,14.30000000
0.60528501,-0.48772236,1.01599907,-0.27259857,0.25314575,-1.02523337,0.07201367,-0.82312196,1.66124525,1.53092646,0.80657583,-3.87068199,0.63175438,11.70000000
-0.34687498,-0.48772236,-0.72032214,-0.27259857,-0.41200566,0.47493221,0.43473151,-0.24859082,-0.17812039,-0.60127610,-0.48803915,0.44105193,-0.70830699,30.10000000
-0.40371987,0.58526684,-0.87644514,-0.27259857,-0.87847549,0.68008306,-0.89523388,1.98982739,-0.17812039,-0.73787960,0.57539459,0.42657898,-0.44197680,25.00000000
-0.41677370,2.08745172,-1.19744570,-0.27259857,-1.32766865,0.45498699,-1.77002395,1.15255972,-0.98284286,-0.85072598,-1.32029163,0.21957189,-1.15966657,29.10000000
-0.40680547,0.97154295,-0.73637217,-0.27259857,-1.05124209,0.99350797,-1.80914058,0.80653853,-0.29308074,-0.47061187,-1.08911039,0.37011253,-1.09238316,33.10000000
-0.41042901,-0.48772236,-1.26602310,-0.27259857,-0.57613394,-0.20035600,-0.22669513,-0.56908469,-0.75292215,-1.27835435,-0.30309415,0.44105193,-0.44898549,36.20000000
-0.40510548,0.37066900,-0.60943104,-0.27259857,-0.78345386,0.36095952,-0.35115713,0.05821243,-0.75292215,-1.10017586,0.06679585,0.41978108,-0.69008440,24.40000000
-0.40816895,0.04877224,-0.47665354,-0.27259857,-0.26515405,-0.38841095,-0.07022862,0.83924392,-0.52300145,-0.57751897,-1.50523663,0.42679827,-0.03126762,22.90000000
-0.41611001,3.58963660,-1.23392304,-0.27259857,-1.19722987,2.49224890,-1.30418046,0.62889308,-0.63796180,-1.09423658,-1.73641788,0.37142826,-1.36992725,50.00000000
0.21510460,-0.48772236,1.01599907,-0.27259857,1.36749033,0.52764458,1.05348546,-0.68445678,1.66124525,1.53092646,0.80657583,-0.01517502,0.71165343,15.20000000
-0.38372868,-0.48772236,-0.72032214,-0.27259857,-0.43792065,1.99646768,-1.83403298,-0.19962779,-0.17812039,-0.60127610,-0.48803915,0.22845302,-1.22414651,46.70000000
2.49786109,-0.48772236,1.01599907,-0.27259857,1.19472373,-0.42402741,1.11749449,-1.04877969,1.66124525,1.53092646,0.80657583,0.44105193,1.97882444,5.60000000
-0.14140436,-0.48772236,1.23194490,-0.27259857,2.73234648,-0.22030122,1.11749449,-1.12944983,-0.52300145,-0.03110494,-1.73641788,-2.01485470,2.12320343,13.80000000
1.23918117,-0.48772236,1.01599907,-0.27259857,1.19472373,0.08315108,1.11749449,-1.05576761,1.66124525,1.53092646,0.80657583,0.44105193,1.07470353,7.20000000
-0.40161817,0.04877224,-0.47665354,-0.27259857,-0.26515405,-0.16046556,0.97880825,1.02463789,-0.52300145,-0.57751897,-1.50523663,0.44105193,0.91070021,27.10000000
-0.40513808,-0.48772236,-0.37597609,-0.27259857,-0.29970737,0.70715158,0.09690607,-0.44634438,-0.52300145,-0.14395131,1.13022958,0.42657898,-0.69849483,26.50000000
-0.38539025,-0.48772236,-0.54814912,-0.27259857,-0.53294229,-0.82150718,0.20358779,0.44021907,-0.52300145,-0.72006176,0.52915834,0.37778758,-0.12798753,18.50000000
-0.41387091,-0.48772236,-1.12740922,-0.27259857,-0.56749561,0.17147991,0.18936356,-0.33415726,-0.86788250,-0.82102956,-0.30309415,0.40432133,-0.62420272,22.00000000
-0.41283811,2.94584308,-1.09385007,-0.27259857,-1.40541362,-0.25164371,-1.30062440,2.57899990,-0.98284286,-0.55376183,-0.95040164,0.39708486,-0.85268599,21.90000000
-0.35350262,-0.48772236,1.56899549,-0.27259857,0.59867895,0.07175381,1.05348546,-0.80068453,-0.63796180,0.17083068,1.26893833,0.41660141,0.60371962,18.10000000
-0.39845572,0.58526684,-0.87644514,-0.27259857,-0.87847549,-0.45394524,0.88279471,1.43725830,-0.17812039,-0.73787960,0.57539459,0.23470271,0.25048169,16.00000000
-0.39774312,-0.48772236,-0.21109853,-0.27259857,0.26178408,-1.01953474,0.17513933,-0.66320778,-0.40804109,-0.10237633,0.34421334,0.42866221,0.34299638,17.50000000
0.26527877,-0.48772236,1.01599907,-0.27259857,1.19472373,0.17147991,0.97525220,-1.00694720,1.66124525,1.53092646,0.80657583,0.44105193,0.94153844,12.50000000
-0.41028346,-0.48772236,0.40172073,-0.27259857,-0.04055747,0.50912402,0.58764196,-0.17776081,-0.52300145,-0.78539387,-0.95040164,0.39587878,-0.41534378,28.70000000
-0.41128716,-0.48772236,-0.86769058,-0.27259857,-0.34289902,-0.45109593,-0.35826925,0.48352520,-0.52300145,-1.09423658,0.80657583,0.44105193,-0.47141330,18.70000000
-0.41627185,3.16044092,-1.01943630,-0.27259857,-1.08579541,0.32961703,-1.45353486,2.25337204,-0.63796180,-0.33994765,-0.25685790,0.39204125,-0.88212248,23.10000000
0.32595096,-0.48772236,1.01599907,-0.27259857,0.25314575,-0.17471214,1.02503700,-0.75538185,1.66124525,1.53092646,0.80657583,-0.59113276,1.60456043,13.30000000
-0.36308660,-0.48772236,-0.18045756,-0.27259857,-0.09238745,-0.24452042,-0.34760108,0.09833358,-0.63796180,-0.61909395,-0.02567665,0.43370581,0.01078452,21.00000000
-0.25382379,-0.48772236,1.23194490,3.66839786,2.73234648,-0.22172588,0.97525220,-0.97243540,-0.52300145,-0.03110494,-1.73641788,-0.39092358,0.34579986,17.00000000
1.17419729,-0.48772236,1.01599907,-0.27259857,1.60072524,-0.49810966,0.68721157,-0.93858912,1.66124525,1.53092646,0.80657583,-3.15470939,2.99508436,8.40000000
-0.25683487,-0.48772236,-0.43725801,-0.27259857,-0.14421743,-0.47673978,0.47740419,0.09267669,-0.63796180,-0.60127610,1.17646583,-1.36039215,2.11058779,13.20000000
-0.40777889,-0.48772236,-0.04768006,-0.27259857,-1.22400869,-0.31290404,-2.16119024,0.70937307,-0.63796180,-0.61315466,0.34421334,0.37537543,-0.99986846,22.80000000
-0.39893428,-0.48772236,-0.54814912,-0.27259857,-0.53294229,0.20139775,-0.57874479,0.35431986,-0.52300145,-0.72006176,0.52915834,0.44105193,-0.76437651,23.80000000
-0.37756330,-0.48772236,-0.54814912,-0.27259857,-0.53294229,-0.34709584,-0.66409017,0.44021907,-0.52300145,-0.72006176,0.52915834,0.44105193,-0.69428961,20.40000000
-0.41428310,0.37066900,-1.13908197,-0.27259857,-0.96572262,2.18737194,-0.14490582,0.42766932,-0.52300145,-1.14175084,-1.64394538,0.33590374,-1.24657432,45.40000000
-0.40086947,-0.48772236,-0.16440754,-0.27259857,-0.06647246,-0.37558902,0.49874053,-0.49801700,-0.40804109,0.14113426,-0.30309415,0.41484712,-0.32983778,19.20000000
-0.41431454,0.58526684,-0.91584067,-0.27259857,-1.11171040,-0.16758885,-0.77788400,0.76327993,-0.63796180,-0.75569745,0.25174084,0.37241505,-0.72092263,22.90000000
0.66894965,-0.48772236,1.01599907,-0.27259857,1.07378711,0.13586345,0.96102797,-0.86842464,1.66124525,1.53092646,0.80657583,-3.24494606,1.60175696,9.50000000
-0.40609287,0.79986468,-0.90562701,-0.27259857,-1.09443374,-0.27016428,-0.12356947,1.20794023,-0.40804109,-0.64285108,-0.85792914,0.41605320,-0.03547283,20.10000000
-0.40187899,-0.48772236,-0.16440754,-0.27259857,-0.06647246,-0.04364355,0.55563745,-0.73137571,-0.40804109,0.14113426,-0.30309415,0.35158277,-0.30881171,18.50000000
-0.38797866,-0.48772236,-0.18045756,-0.27259857,-0.09238745,-0.37273970,0.77611300,-0.45685003,-0.63796180,-0.61909395,-0.02567665,0.43447332,-0.13079100,19.40000000
-0.32696414,0.37066900,-1.04569998,-0.27259857,0.79736054,1.03909705,0.56986168,-0.79013134,-0.52300145,-0.85666526,-2.52243411,0.30037921,0.29954251,30.70000000
-0.39617121,0.45650813,-0.76993132,-0.27259857,-1.06851875,-0.96824703,0.05778944,1.97746779,-0.29308074,-0.46467259,0.29797709,0.35585887,0.81398030,18.50000000
-0.18438733,-0.48772236,1.23194490,-0.27259857,0.43455068,2.34265974,0.98236431,-0.83148845,-0.52300145,-0.03110494,-1.73641788,0.13843564,-1.25498475,50.00000000
-0.34584335,-0.48772236,-0.72032214,3.66839786,-0.41200566,0.84676813,0.32449373,-0.24859082,-0.17812039,-0.60127610,-0.48803915,0.36967396,-0.38170208,27.50000000
-0.40625938,1.22906036,-0.68968118,3.66839786,-0.93030547,1.39953569,-0.69609468,0.47164097,-0.63796180,-0.91605809,-0.39556665,0.35717459,-0.92557636,33.20000000
-0.36454324,-0.48772236,-0.72032214,-0.27259857,-0.43792065,1.60611120,0.29604527,-0.05872838,-0.17812039,-0.60127610,-0.48803915,0.21343185,-1.03771538,31.70000000
0.24132986,-0.48772236,1.01599907,-0.27259857,1.60072524,-0.09350660,1.11749449,-0.85102612,1.66124525,1.53092646,0.80657583,0.42778506,0.55185532,18.40000000
-0.41424002,2.94584308,-0.90270883,-0.27259857,-1.24128535,0.49202812,-1.60644532,0.62827510,-0.63796180,-0.96951164,0.34421334,0.44105193,-1.11481096,27.90000000
-0.39849880,-0.48772236,-0.16440754,-0.27259857,-0.06647246,-0.50808227,0.69787974,-0.63316445,-0.40804109,0.14113426,-0.30309415,-0.12898506,0.43551108,18.30000000
-0.32498353,-0.48772236,-0.43725801,-0.27259857,-0.14421743,-1.18052117,-1.13704577,0.00069276,-0.63796180,-0.60127610,1.17646583,-0.74211198,-0.13499622,20.20000000
-0.39760805,-0.48772236,-0.21109853,-0.27259857,0.26178408,-0.87564421,-1.41441823,-0.47367810,-0.40804109,-0.10237633,0.34421334,0.40147060,0.69343084,23.10000000
0.95694783,-0.48772236,1.01599907,-0.27259857,1.41068198,0.76841190,0.28182105,-0.95123394,1.66124525,1.53092646,0.80657583,-3.37947874,1.41392409,8.40000000
-0.35788533,0.37066900,-1.04569998,-0.27259857,0.79736054,3.01082466,0.81522962,-0.71616390,-0.52300145,-0.85666526,-2.52243411,0.33096977,-0.94520069,48.80000000
0.87495240,-0.48772236,1.01599907,-0.27259857,0.97876548,-1.96408344,1.11749449,-1.24586773,1.66124525,1.53092646,0.80657583,0.44105193,3.10021470,13.80000000
-0.40197330,-0.48772236,-0.61672651,-0.27259857,-0.92166714,-0.16473953,-2.20386293,0.91549313,-0.75292215,-1.04078303,-0.25685790,0.29270416,-0.95921806,25.30000000
-0.41489905,1.87285388,-1.07342276,-0.27259857,-0.61068726,0.83964483,-1.43931063,1.26940546,-0.52300145,-0.22710128,-0.39556665,0.34314021,-1.12742660,31.20000000
-0.41554062,-0.48772236,-1.34919142,-0.27259857,-0.31698403,0.36380884,-0.31559656,1.17504468,-0.98284286,0.08174143,-1.18158288,0.36495929,-0.56112452,16.50000000
-0.40698129,-0.48772236,2.11761463,-0.27259857,0.22723076,-0.57789055,0.96814008,-0.85031307,-0.86788250,-1.30805076,0.29797709,0.24895637,0.69062737,18.80000000
-0.40262885,-0.48772236,-0.07978012,3.66839786,-0.56749561,-0.31432869,-0.33693290,0.21113868,-0.63796180,-0.77945458,0.06679585,0.27022723,0.28131992,24.40000000
-0.38892529,-0.48772236,-0.18045756,-0.27259857,-0.09238745,-0.82578116,0.32449373,0.07128508,-0.63796180,-0.61909395,-0.02567665,0.43578904,-0.16162924,16.20000000
0.40248546,-0.48772236,1.01599907,-0.27259857,0.51229565,-0.25876701,0.58764196,-0.84294485,1.66124525,1.53092646,0.80657583,-3.88307172,1.49101967,13.40000000
-0.36700939,-0.48772236,-0.72032214,-0.27259857,-0.43792065,0.38090474,-1.67756646,-0.19962779,-0.17812039,-0.60127610,-0.48803915,0.25948216,-1.24657432,31.50000000
-0.40885011,0.79986468,-0.90562701,-0.27259857,-1.09443374,0.27975397,-1.78069212,1.13844126,-0.40804109,-0.64285108,-0.85792914,0.24928530,-0.88212248,23.70000000
-0.01391206,-0.48772236,1.01599907,3.66839786,1.41068198,3.55504427,0.50940871,-0.89861058,1.66124525,1.53092646,0.80657583,-0.02328864,-1.03210843,21.90000000
-0.41220818,0.41358857,-0.80203138,-0.27259857,-0.99941211,0.32249373,-1.68823464,1.43545190,-0.63796180,-0.98139020,-0.76545664,0.44105193,-1.03351017,25.00000000
-0.40710355,-0.48772236,-0.75534039,-0.27259857,-0.48111231,-0.63202758,-0.25514359,-0.19829676,-0.52300145,-0.76757602,0.34421334,0.22900124,-0.17424488,20.00000000
-0.41177154,-0.48772236,-0.96982713,-0.27259857,-0.91302881,0.49202812,-0.44361462,0.30549945,-0.75292215,-0.95763307,0.02055960,0.39061588,-0.85829294,26.60000000
-0.41355536,0.71402554,0.56951647,-0.27259857,-0.78345386,0.22419229,-0.53251605,-0.06139045,-0.63796180,-0.82102956,-0.11814915,0.42032930,-0.62980967,22.90000000
0.08791388,-0.48772236,1.01599907,-0.27259857,0.21859243,-0.16758885,0.54852534,-0.36206143,1.66124525,1.53092646,0.80657583,0.44105193,0.50980319,19.90000000
-0.38473470,-0.48772236,-0.07978012,-0.27259857,-0.56749561,-1.24320615,-2.09006910,-0.09865939,-0.63796180,-0.77945458,0.06679585,-0.08490834,2.36850755,23.70000000
-0.38589675,-0.48772236,-0.21109853,-0.27259857,0.26178408,-0.51093159,-0.92368234,-0.67185950,-0.40804109,-0.10237633,0.34421334,0.44105193,0.13133397,24.50000000
-0.37395374,-0.48772236,-0.72032214,-0.27259857,-0.43792065,2.50079685,0.63742676,-0.27540163,-0.17812039,-0.60127610,-0.48803915,0.33667124,-1.33488380,37.60000000
0.53640745,-0.48772236,1.01599907,-0.27259857,1.36749033,-0.49668500,0.41695122,-0.48290026,1.66124525,1.53092646,0.80657583,-3.87232665,0.60091614,13.50000000
-0.40300727,-0.48772236,-0.37597609,-0.27259857,-0.29970737,-0.61778099,1.00014460,-0.80249094,-0.52300145,-0.14395131,1.13022958,0.40980351,0.53503447,19.50000000
-0.40211303,0.45650813,-0.76993132,-0.27259857,-1.06851875,0.28830193,-1.97627527,1.71211673,-0.29308074,-0.46467259,0.29797709,0.43425403,-0.94660242,24.40000000
-0.41406187,2.94584308,-1.40317788,-0.27259857,-1.30175366,1.40950830,-1.07659280,1.67042686,-0.86788250,-0.47061187,-2.70737911,0.38951945,-0.84567730,34.60000000
-0.40646780,0.79986468,-0.90562701,-0.27259857,-1.09443374,0.10452096,-0.55740845,1.54041340,-0.40804109,-0.64285108,-0.85792914,0.17626268,-0.20087790,22.20000000
-0.39989373,-0.48772236,-0.61672651,-0.27259857,-0.92166714,-0.10490387,-2.20741899,0.91549313,-0.75292215,-1.04078303,-0.25685790,0.41429890,-0.73073480,24.70000000
0.13490580,-0.48772236,1.01599907,-0.27259857,1.36749033,0.34243896,0.63742676,-0.64614203,1.66124525,1.53092646,0.80657583,-3.35239677,0.76772295,14.10000000
-0.41046161,-0.48772236,-1.20328208,-0.27259857,-0.94758213,1.61180984,-0.21602696,-0.14253596,-0.86788250,-0.78539387,-0.21062165,0.44105193,-0.90595203,33.20000000
-0.39848949,-0.48772236,-0.61672651,-0.27259857,-0.92166714,-0.85854831,-1.23661537,0.62052658,-0.75292215,-1.04078303,-0.25685790,0.44105193,-0.34245342,19.30000000
-0.41315831,-0.48772236,-1.15221381,-0.27259857,-0.81800718,-0.20035600,-1.29351229,0.98808200,-0.63796180,0.12925570,-0.71922039,0.13043166,-0.49944805,19.80000000
0.65653856,-0.48772236,1.01599907,-0.27259857,0.65914726,-0.09778058,1.11749449,-1.24829211,1.66124525,1.53092646,0.80657583,0.10389791,-0.43777159,50.00000000
0.59650910,-0.48772236,1.01599907,-0.27259857,1.19472373,0.26550739,1.07482180,-0.98370165,1.66124525,1.53092646,0.80657583,0.38710729,0.62614743,13.10000000
0.02110076,-0.48772236,1.01599907,-0.27259857,0.86646718,-0.47389047,0.57341774,-0.43902369,1.66124525,1.53092646,0.80657583,-3.66937637,0.63035264,19.00000000
0.09647088,-0.48772236,1.01599907,-0.27259857,0.25314575,-0.40123287,0.92191134,-0.59646595,1.66124525,1.53092646,0.80657583,-0.27831962,1.21487732,19.10000000
-0.40836108,1.44365820,-1.12303194,-0.27259857,-1.01668877,1.27274107,-1.50331966,1.27625077,-0.52300145,-0.06080135,-1.50523663,0.37077040,-1.37132899,36.40000000
-0.41413522,0.37066900,-1.13908197,-0.27259857,-0.96572262,0.97356275,-1.11570943,0.68912235,-0.52300145,-1.14175084,-1.64394538,0.38984838,-1.13023008,35.40000000
-0.41427611,2.94584308,-1.13324559,-0.27259857,-1.35358364,0.00764417,-1.80558452,1.33885689,-0.63796180,-0.42309761,-1.08911039,0.44105193,-1.11901618,23.50000000
1.53907812,-0.48772236,1.01599907,-0.27259857,1.25519204,-1.43553507,1.04992940,-1.12612225,1.66124525,1.53092646,0.80657583,0.44105193,2.54512652,7.20000000
-0.28727285,-0.48772236,1.23194490,3.66839786,2.73234648,-1.81306962,0.69076762,-1.03860679,-0.52300145,-0.03110494,-1.73641788,-0.14685696,-0.07472149,15.30000000
-0.09028355,-0.48772236,1.01599907,-0.27259857,-0.19604741,-0.74457561,-1.00547166,0.14415917,1.66124525,1.53092646,0.80657583,0.39741379,-0.31301692,21.80000000
-0.27786003,-0.48772236,1.23194490,-0.27259857,0.43455068,-0.58358918,0.92546740,-0.65084818,-0.52300145,-0.03110494,-1.73641788,-0.70592960,0.24907995,17.40000000
-0.40256481,-0.48772236,-0.07978012,-0.27259857,-0.56749561,-0.56079465,-1.64556195,0.07147523,-0.63796180,-0.77945458,0.06679585,0.44105193,-0.24993872,22.60000000
4.41711537,-0.48772236,1.01599907,-0.27259857,1.19472373,-1.07367177,0.59831014,-1.03993782,1.66124525,1.53092646,0.80657583,-0.29838440,2.06433044,8.50000000
-0.41330619,2.51664740,-1.29812315,-0.27259857,-1.33630698,0.83537086,-0.75299160,1.91704837,-0.52300145,-0.29837267,-1.69018163,0.37482721,-0.92277288,24.80000000
-0.41344125,2.94584308,-1.34627324,-0.27259857,-1.22400869,-0.88561682,-1.65978618,3.22806892,-0.63796180,-0.44091546,1.63882832,0.28645448,-0.64522879,18.20000000
-0.40752971,0.04877224,-0.47665354,-0.27259857,-0.26515405,-0.56364396,-1.05170040,0.78714346,-0.52300145,-0.57751897,-1.50523663,0.37088004,0.42850239,21.70000000
-0.38088178,-0.48772236,1.56899549,-0.27259857,0.59867895,-0.48813705,0.88635077,-0.86904261,-0.63796180,0.17083068,1.26893833,0.23656665,0.59530919,17.40000000
0.24175020,-0.48772236,1.01599907,3.66839786,0.65914726,0.56753503,1.00370066,-1.15911286,1.66124525,1.53092646,0.80657583,0.20455072,-1.25077953,50.00000000
-0.41219421,-0.48772236,0.40609801,-0.27259857,-1.01668877,0.37663076,-0.62497354,1.02934404,-0.63796180,-0.70818319,-1.13534664,0.39664628,-0.73774349,27.10000000
0.73621105,-0.48772236,1.01599907,-0.27259857,1.19472373,-0.61635633,0.32804979,-1.09080232,1.66124525,1.53092646,0.80657583,-0.20299448,2.42738054,6.30000000
-0.40817245,-0.48772236,-0.04768006,-0.27259857,-1.22400869,0.18857582,-2.20386293,0.70937307,-0.63796180,-0.61315466,0.34421334,0.29665133,-0.83165992,24.20000000
-0.37888021,0.45650813,-0.76993132,-0.27259857,-1.06851875,-0.25164371,-1.19749874,2.02528992,-0.29308074,-0.46467259,0.29797709,0.36737144,-0.48963589,24.30000000
-0.39285972,-0.48772236,-0.61672651,-0.27259857,-0.92166714,-0.97252100,-0.23380725,1.08985853,-0.75292215,-1.04078303,-0.25685790,0.44105193,0.49718754,19.40000000
-0.40266727,0.04877224,-0.73929036,-0.27259857,-1.25856201,-0.98391827,-1.12993366,1.28490249,-0.63796180,-0.37558335,0.20550459,0.44105193,0.06124708,17.40000000
1.34874905,-0.48772236,1.01599907,-0.27259857,1.60072524,-0.18895873,1.11749449,-0.89409457,1.66124525,1.53092646,0.80657583,-3.80851408,1.93396882,8.70000000
0.54193941,-0.48772236,1.01599907,-0.27259857,1.36749033,1.57904269,1.09260208,-0.63810829,1.66124525,1.53092646,0.80657583,0.21047148,0.57288139,17.80000000
-0.40642355,0.58526684,-0.87644514,-0.27259857,-0.87847549,-0.50950693,-0.76010371,1.49121270,-0.17812039,-0.73787960,0.57539459,0.44105193,-0.48122546,19.60000000
-0.35625753,0.37066900,-1.04569998,-0.27259857,0.79736054,1.75997434,0.74055242,-0.78685129,-0.52300145,-0.85666526,-2.52243411,0.34752596,-0.75596608,43.10000000
1.10398536,-0.48772236,1.01599907,-0.27259857,0.21859243,-0.81438389,-0.42227828,-0.46174634,1.66124525,1.53092646,0.80657583,0.44105193,0.29533730,20.10000000
1.07222115,-0.48772236,1.01599907,-0.27259857,1.60072524,-0.61350702,0.99658854,-0.90293643,1.66124525,1.53092646,0.80657583,-1.27355443,1.56110656,10.80000000
-0.41041620,-0.48772236,2.11761463,-0.27259857,0.22723076,-0.59071248,0.04000916,-0.73080527,-0.86788250,-1.30805076,0.29797709,0.35607816,0.24066952,22.00000000
-0.39060666,-0.48772236,-0.21109853,-0.27259857,0.26178408,-0.37843833,-0.11645736,-0.65883438,-0.40804109,-0.10237633,0.34421334,0.44105193,0.03741754,21.20000000
-0.40919244,2.08745172,-1.37837329,-0.27259857,-1.24128535,0.41937052,-1.16193817,3.28729991,-0.63796180,0.01640932,-0.07191290,0.15466289,-1.00407368,24.10000000
-0.41227571,-0.48772236,-1.12740922,-0.27259857,-0.56749561,1.13169986,-0.19469062,-0.18089825,-0.86788250,-0.82102956,-0.30309415,0.43184187,-0.97463718,28.70000000
-0.34021358,-0.48772236,-0.43725801,-0.27259857,-0.14421743,-0.67191802,0.77255694,0.42163213,-0.63796180,-0.60127610,1.17646583,0.22154548,0.30234599,16.60000000
4.90812152,-0.48772236,1.01599907,-0.27259857,1.19472373,-2.51542635,1.11749449,-1.01578907,1.66124525,1.53092646,0.80657583,-2.94287799,3.40999876,7.00000000
-0.15735399,-0.48772236,1.23194490,-0.27259857,0.43455068,-0.61350702,0.82589780,-0.65270212,-0.52300145,-0.03110494,-1.73641788,0.42142573,-0.14200491,22.70000000
-0.27017048,-0.48772236,1.23194490,3.66839786,0.43455068,-0.04934218,0.85434625,-0.94914231,-0.52300145,-0.03110494,-1.73641788,-0.19466156,-1.00267194,27.00000000
-0.23065618,-0.48772236,-0.43725801,-0.27259857,-0.14421743,-0.26873962,1.00725671,-0.01675329,-0.63796180,-0.60127610,1.17646583,-1.18814208,1.07750701,13.50000000
0.17423846,-0.48772236,1.01599907,-0.27259857,1.36749033,0.01761678,0.82589780,-0.67827698,1.66124525,1.53092646,0.80657583,0.31156286,0.64717349,16.10000000
-0.39876894,-0.48772236,2.11761463,-0.27259857,0.22723076,-0.42545207,0.70499185,-0.85668302,-0.86788250,-1.30805076,0.29797709,0.31079536,0.30234599,21.40000000
-0.41213249,-0.48772236,-1.03402724,-0.27259857,-0.38609067,0.04326063,0.17158327,-0.22700906,-0.52300145,-0.66660821,-0.85792914,0.42679827,-0.89193465,24.60000000
-0.41616124,2.94584308,-1.36815964,-0.27259857,-1.46588193,-0.07783535,-1.31840469,2.51667900,-0.98284286,-0.99326877,-0.11814915,-0.16527708,0.03881927,20.10000000
-0.24805896,-0.48772236,1.23194490,-0.27259857,0.43455068,1.71580992,0.79033722,-0.86714114,-0.52300145,-0.03110494,-1.73641788,0.19468280,-1.53112710,50.00000000
-0.28678032,-0.48772236,-0.43725801,-0.27259857,-0.14421743,-0.81438389,0.90768711,0.20819139,-0.63796180,-0.60127610,1.17646583,0.03833105,1.39429976,12.70000000
-0.37163895,-0.48772236,-0.18045756,-0.27259857,-0.09238745,0.13871276,-0.04889227,-0.12480469,-0.63796180,-0.61909395,-0.02567665,0.42252217,-0.32142735,23.10000000
-0.38361574,0.37066900,-0.60943104,-0.27259857,-0.78345386,-0.61065770,-0.94146263,0.30136374,-0.75292215,-1.10017586,0.06679585,0.35059598,0.04863144,21.10000000
0.72537536,-0.48772236,1.01599907,-0.27259857,1.00468047,0.72567214,1.07482180,-1.15849488,1.66124525,1.53092646,0.80657583,0.44105193,1.20366341,13.30000000
1.36165035,-0.48772236,1.01599907,-0.27259857,1.00468047,0.51909663,0.87923865,-1.16472222,1.66124525,1.53092646,0.80657583,0.06957947,1.48401098,13.90000000
-0.37097642,-0.48772236,-0.72032214,3.66839786,-0.41200566,-0.17186283,0.80811751,-0.35512104,-0.17812039,-0.60127610,-0.48803915,0.42285110,1.23450165,21.70000000
-0.41325379,0.58526684,-0.91584067,-0.27259857,-1.11171040,0.47635687,0.06490156,0.76327993,-0.63796180,-0.75569745,0.25174084,0.42712720,-0.76157303,23.90000000
-0.37776591,-0.48772236,-0.18045756,-0.27259857,-0.09238745,-0.44539729,0.28893316,-0.32921342,-0.63796180,-0.61909395,-0.02567665,0.43381546,-0.37609513,20.30000000
-0.40613712,-0.48772236,2.42256516,-0.27259857,0.46910400,-0.42972605,1.07482180,-0.91600909,-0.63796180,1.79819419,0.76033959,0.36660394,0.75931252,13.60000000
0.00983425,-0.48772236,1.01599907,-0.27259857,1.85987514,-1.31443908,0.98236431,-0.80405965,1.66124525,1.53092646,0.80657583,0.26441612,-0.34525689,20.80000000
-0.20492927,-0.48772236,1.23194490,3.66839786,0.43455068,2.16172808,1.05348546,-0.83396037,-0.52300145,-0.03110494,-1.73641788,0.36112176,-1.50449408,50.00000000
0.23139773,-0.48772236,1.01599907,-0.27259857,1.36749033,0.21564433,0.68721157,-0.70318632,1.66124525,1.53092646,0.80657583,-2.81218284,0.49999102,14.30000000
-0.40831101,-0.48772236,0.24705682,-0.27259857,-1.01668877,-0.20605463,-0.80988851,0.14045129,-0.52300145,-0.06080135,0.11303210,0.33206621,-0.33404299,20.80000000
-0.41061997,-0.48772236,-1.15221381,-0.27259857,-0.81800718,0.06890449,-1.82692087,0.67481374,-0.63796180,0.12925570,-0.71922039,0.20323500,-0.74475218,22.60000000
0.34290895,-0.48772236,1.01599907,3.66839786,0.65914726,1.04194637,1.02859306,-1.23246232,1.66124525,1.53092646,0.80657583,0.38787479,-1.35871335,50.00000000
